{"version": 2, "width": 101, "height": 42, "timestamp": 1534463038, "env": {"SHELL": "/bin/bash", "TERM": "xterm-256color"}}
[0.024768, "o", "\u001b[?1034hbash-3.2$ "]
[2.1482, "o", "o"]
[2.275951, "o", "c"]
[2.403403, "o", " "]
[2.619603, "o", "n"]
[2.740009, "o", "e"]
[2.882299, "o", "w"]
[2.987896, "o", "-"]
[3.179446, "o", "a"]
[3.251636, "o", "p"]
[3.347249, "o", "p"]
[3.60421, "o", " "]
[4.283424, "o", "-"]
[4.354408, "o", "f"]
[4.499505, "o", " "]
[5.003614, "o", "k"]
[5.276026, "o", "8"]
[5.475864, "o", "s"]
[5.931248, "o", "/"]
[7.115437, "o", "t"]
[7.30763, "o", "e"]
[7.387917, "o", "m"]
[7.443625, "o", "p"]
[7.515146, "o", "l"]
[7.570869, "o", "a"]
[7.651867, "o", "t"]
[7.843797, "o", "e"]
[7.964135, "o", "-"]
[8.187299, "o", "h"]
[8.347726, "o", "e"]
[8.388376, "o", "l"]
[8.50742, "o", "l"]
[8.643706, "o", "o"]
[8.859039, "o", "-"]
[9.067711, "o", "f"]
[9.155952, "o", "i"]
[9.243702, "o", "x"]
[9.771092, "o", "ed.yml "]
[11.523575, "o", "\r\n"]
[13.35385, "o", "--> Deploying template \"gerald/hello-fixed\" for \"k8s/template-hello-fixed.yml\" to project gerald\r\n\r\n"]
[13.356194, "o", "--> Creating resources ...\r\n"]
[13.42515, "o", "    "]
[13.433441, "o", "deploymentconfig \"hello\" created\r\n"]
[13.470645, "o", "    "]
[13.478916, "o", "service \"hello\" created\r\n--> Success\r\n    Application is not exposed. You can expose services to the outside world by executing one or more of the commands below:\r\n     'oc expose svc/hello' \r\n    Run 'oc status' to view your app.\r\n"]
[13.484664, "o", "bash-3.2$ "]
[15.51914, "o", "o"]
[15.607208, "o", "c"]
[15.711133, "o", " "]
[15.872042, "o", "e"]
[16.078785, "o", "x"]
[16.143137, "o", "p"]
[16.238325, "o", "o"]
[16.32706, "o", "s"]
[16.5358, "o", "e"]
[16.806812, "o", " "]
[17.087128, "o", "s"]
[17.231341, "o", "v"]
[17.38268, "o", "c"]
[17.495166, "o", "/"]
[17.695788, "o", "h"]
[17.791269, "o", "e"]
[17.872607, "o", "l"]
[17.981941, "o", "l"]
[18.102395, "o", "o"]
[18.383525, "o", "\r\n"]
[19.023804, "o", "route \"hello\" exposed\r\n"]
[19.030032, "o", "bash-3.2$ "]
[20.062717, "o", "o"]
[20.166582, "o", "c"]
[20.28648, "o", " "]
[21.631335, "o", "g"]
[21.783102, "o", "e"]
[21.909281, "o", "t"]
[22.01385, "o", " "]
[22.166785, "o", "r"]
[22.25488, "o", "o"]
[22.310562, "o", "u"]
[22.366589, "o", "t"]
[22.511432, "o", "e"]
[22.615076, "o", "s"]
[22.758644, "o", "\r\n"]
[23.497572, "o", "NAME      HOST/PORT                           PATH      SERVICES   PORT       TERMINATION   WILDCARD\r\nhello     hello-gerald.apps.cc-openshift.de             hello      8080-tcp                 None\r\n"]
[23.506123, "o", "bash-3.2$ "]
[25.407488, "o", "c"]
[25.479139, "o", "u"]
[25.582515, "o", "r"]
[25.638909, "o", "l"]
[25.702009, "o", " "]
[28.960002, "o", "h"]
[28.960414, "o", "ello-gera"]
[28.960751, "o", "ld.apps.cc-"]
[28.960961, "o", "open"]
[28.961398, "o", "shift.de"]
[30.966809, "o", "\r\n"]
[31.138527, "o", "Hello OpenShift!\r\n"]
[31.141923, "o", "bash-3.2$ "]
[35.406398, "o", "o"]
[35.486759, "o", "c"]
[35.575099, "o", " "]
[35.765131, "o", "d"]
[35.974634, "o", "e"]
[36.030024, "o", "l"]
[36.118595, "o", "e"]
[36.246311, "o", "t"]
[36.422644, "o", "e"]
[36.53466, "o", " "]
[36.718659, "o", "a"]
[36.774175, "o", "l"]
[36.878797, "o", "l"]
[37.182125, "o", " "]
[37.558685, "o", "-"]
[39.638659, "o", "l"]
[39.814491, "o", " "]
[40.062087, "o", "a"]
[40.134072, "o", "p"]
[40.238522, "o", "p"]
[40.550669, "o", "="]
[41.238166, "o", "h"]
[41.38125, "o", "e"]
[41.438494, "o", "l"]
[41.550441, "o", "l"]
[41.67037, "o", "o"]
[42.806417, "o", "\r\n"]
[46.406396, "o", "deploymentconfig \"hello\" deleted\r\n"]
[46.58202, "o", "route \"hello\" deleted\r\n"]
[46.691109, "o", "pod \"hello-1-n4q7t\" deleted\r\n"]
[46.803298, "o", "service \"hello\" deleted\r\n"]
[46.809599, "o", "bash-3.2$ "]
